{
    "splitPercentage": 0.9,
    "rMax": 16000.0,
    "mu": 0.4380592879577256,
    "e": 0.9808032422458646,
    "split": [
        261630.0,
        29070.0
    ]
}